{
  "file": "AssemblyLeg.step",
  "success": true,
  "error": null,
  "features": [
    {
      "id": 0,
      "part_id": 0,
      "type": "Flat Face",
      "position": [
        62.1904769702671,
        12.49999999999999,
        -134.06296300893226
      ],
      "normal": [
        -0.8730047496354436,
        -1.651215847245869e-16,
        0.4877117049179326
      ],
      "dimensions": {
        "area": 2774.9999999999914,
        "width": 90.22666540981729,
        "height": 15.000000000000016
      },
      "bounding_box": [
        [
          17.07714426535845,
          4.9999999999999805,
          -214.81590235021056
        ],
        [
          107.30380967517574,
          19.999999999999996,
          -53.31002366765393
        ]
      ]
    },
    {
      "id": 1,
      "part_id": 0,
      "type": "Cylindrical Surface",
      "position": [
        28.801534257821288,
        12.5,
        -231.15063703838382
      ],
      "normal": [
        -1.012738106493426e-16,
        1.0,
        1.572836293255215e-16
      ],
      "dimensions": {
        "radius": 16.2104622731505
      },
      "bounding_box": [
        [
          15.018492550454589,
          4.9999999999999964,
          -238.93239681610717
        ],
        [
          47.41805265287496,
          20.000000000000004,
          -214.81590235021056
        ]
      ]
    },
    {
      "id": 2,
      "part_id": 0,
      "type": "Flat Face",
      "position": [
        48.389923288190765,
        12.5,
        -204.64286440280262
      ],
      "normal": [
        0.9986820583200723,
        1.0921275257258428e-16,
        -0.051323935834889145
      ],
      "dimensions": {
        "area": 568.0803427326869,
        "width": 1.9437412706316266,
        "height": 15.000000000000009
      },
      "bounding_box": [
        [
          47.418052652874955,
          4.999999999999995,
          -223.5539192685177
        ],
        [
          49.36179392350658,
          20.000000000000004,
          -185.73180953708757
        ]
      ]
    },
    {
      "id": 3,
      "part_id": 0,
      "type": "Flat Face",
      "position": [
        84.44383504678926,
        12.49999999999999,
        -122.93489853679628
      ],
      "normal": [
        0.8730047496354436,
        1.6512158472458689e-16,
        -0.48771170491793253
      ],
      "dimensions": {
        "area": 2157.9577096177727,
        "width": 70.16408224656539,
        "height": 15.000000000000014
      },
      "bounding_box": [
        [
          49.36179392350657,
          4.999999999999982,
          -185.73180953708757
        ],
        [
          119.52587617007195,
          19.999999999999996,
          -60.137987536504994
        ]
      ]
    },
    {
      "id": 4,
      "part_id": 0,
      "type": "Flat Face",
      "position": [
        121.65595564509476,
        12.499999999999982,
        -52.736956430632375
      ],
      "normal": [
        0.9609905447305643,
        1.4082487302591747e-16,
        -0.276581223040273
      ],
      "dimensions": {
        "area": 231.0438270112549,
        "width": 4.260158950045437,
        "height": 15.000000000000002
      },
      "bounding_box": [
        [
          119.52587617007195,
          4.9999999999999805,
          -60.13798753650506
        ],
        [
          123.78603512011739,
          19.999999999999982,
          -45.335925324759714
        ]
      ]
    },
    {
      "id": 5,
      "part_id": 0,
      "type": "Flat Face",
      "position": [
        120.73051849639333,
        12.499999999999982,
        -43.62893435754697
      ],
      "normal": [
        0.48771170491793264,
        -8.791693258575403e-17,
        0.8730047496354435
      ],
      "dimensions": {
        "area": 104.99999999999997,
        "width": 6.11103324744812,
        "height": 15.000000000000004
      },
      "bounding_box": [
        [
          117.67500187266927,
          4.999999999999979,
          -45.33592532475973
        ],
        [
          123.78603512011739,
          19.999999999999982,
          -41.92194339033421
        ]
      ]
    },
    {
      "id": 6,
      "part_id": 0,
      "type": "Cylindrical Surface",
      "position": [
        96.34493325049621,
        12.499999999999986,
        -87.27917183932
      ],
      "normal": [
        -1.012738106493426e-16,
        1.0,
        1.572836293255215e-16
      ],
      "dimensions": {
        "radius": 3.0
      },
      "bounding_box": [
        [
          93.34493315049622,
          4.999999899999985,
          -90.27917193932
        ],
        [
          99.3449333504962,
          20.000000099999987,
          -84.27917173932
        ]
      ]
    },
    {
      "id": 7,
      "part_id": 0,
      "type": "Cylindrical Surface",
      "position": [
        116.49440414905038,
        12.499999999999982,
        -51.21158596901799
      ],
      "normal": [
        -1.012738106493426e-16,
        1.0,
        1.572836293255215e-16
      ],
      "dimensions": {
        "radius": 3.0
      },
      "bounding_box": [
        [
          113.49440404905037,
          4.999999899999981,
          -54.21158606901796
        ],
        [
          119.49440424905036,
          20.000000099999983,
          -48.21158586901796
        ]
      ]
    },
    {
      "id": 8,
      "part_id": 0,
      "type": "Flat Face",
      "position": [
        112.48940577392241,
        12.49999999999998,
        -47.61598352899401
      ],
      "normal": [
        -0.7393454582600592,
        -1.8077953461943e-16,
        0.6733262904047512
      ],
      "dimensions": {
        "area": 231.04382701125482,
        "width": 10.371192197493684,
        "height": 15.000000000000004
      },
      "bounding_box": [
        [
          107.30380967517559,
          4.999999999999979,
          -53.31002366765395
        ],
        [
          117.67500187266927,
          19.999999999999982,
          -41.921943390334164
        ]
      ]
    },
    {
      "id": 9,
      "part_id": 0,
      "type": "Flat Face",
      "position": [
        62.00364960864386,
        4.999999999999991,
        -154.2456831561869
      ],
      "normal": [
        1.012738106493426e-16,
        -1.0,
        -1.572836293255215e-16
      ],
      "dimensions": {
        "area": 3516.342411533885,
        "width": 108.76754256966278,
        "height": 2.3092638912203256e-14
      },
      "bounding_box": [
        [
          15.018492550454592,
          4.99999999999998,
          -238.93239681610717
        ],
        [
          123.78603512011738,
          5.000000000000003,
          -41.921943390334164
        ]
      ]
    },
    {
      "id": 10,
      "part_id": 0,
      "type": "Flat Face",
      "position": [
        62.00364960864387,
        19.999999999999993,
        -154.2456831561869
      ],
      "normal": [
        -1.012738106493426e-16,
        1.0,
        1.572836293255215e-16
      ],
      "dimensions": {
        "area": 3516.3424115338853,
        "width": 108.7675425696628,
        "height": 2.1316282072803006e-14
      },
      "bounding_box": [
        [
          15.018492550454589,
          19.999999999999982,
          -238.93239681610717
        ],
        [
          123.78603512011738,
          20.000000000000004,
          -41.921943390334164
        ]
      ]
    },
    {
      "id": 11,
      "part_id": 1,
      "type": "Flat Face",
      "position": [
        48.137536528254174,
        22.5,
        -28.783410788623655
      ],
      "normal": [
        0.6713782449178303,
        -4.857225732735065e-17,
        0.7411148711576728
      ],
      "dimensions": {
        "area": 700.0,
        "width": 103.75608196207423,
        "height": 5.000000000000028
      },
      "bounding_box": [
        [
          -3.740504452782943,
          19.999999999999986,
          -75.77988793287177
        ],
        [
          100.01557750929129,
          25.000000000000014,
          18.213066355624463
        ]
      ]
    },
    {
      "id": 12,
      "part_id": 1,
      "type": "Cylindrical Surface",
      "position": [
        102.29400552038061,
        22.500000000000014,
        -82.74707949322357
      ],
      "normal": [
        1.0127373450103449e-16,
        -1.0,
        -1.5728363306331515e-16
      ],
      "dimensions": {
        "radius": 10.0
      },
      "bounding_box": [
        [
          100.01557750929129,
          20.000000000000014,
          -89.9048190936268
        ],
        [
          103.301795060113,
          25.000000000000018,
          -75.77988793287176
        ]
      ]
    },
    {
      "id": 13,
      "part_id": 1,
      "type": "Flat Face",
      "position": [
        100.0505076062858,
        22.500000000000014,
        -90.63606306390703
      ],
      "normal": [
        0.741114871157673,
        1.8065228021673906e-16,
        -0.67137824491783
      ],
      "dimensions": {
        "area": 9.86681010918025,
        "width": 1.3248723308077786,
        "height": 5.0
      },
      "bounding_box": [
        [
          99.38807144088193,
          20.000000000000014,
          -91.36730703418726
        ],
        [
          100.71294377168971,
          25.000000000000014,
          -89.90481909362678
        ]
      ]
    },
    {
      "id": 14,
      "part_id": 1,
      "type": "Cylindrical Surface",
      "position": [
        92.42087988053012,
        22.500000000000014,
        -93.6457350452766
      ],
      "normal": [
        1.0127373450103449e-16,
        -1.0,
        -1.5728363306331515e-16
      ],
      "dimensions": {
        "radius": 10.0
      },
      "bounding_box": [
        [
          85.26314028012689,
          20.000000000000014,
          -94.65352458500897
        ],
        [
          99.38807144088193,
          25.000000000000018,
          -91.36730703418726
        ]
      ]
    },
    {
      "id": 15,
      "part_id": 1,
      "type": "Flat Face",
      "position": [
        37.142864842987876,
        12.5,
        -48.4723675350195
      ],
      "normal": [
        -0.67137824491783,
        4.85722573273507e-17,
        -0.741114871157673
      ],
      "dimensions": {
        "area": 2840.0,
        "width": 103.75608196207423,
        "height": 25.000000000000025
      },
      "bounding_box": [
        [
          -18.4929416819473,
          -1.1757481195471611e-14,
          -92.06467329658565
        ],
        [
          85.26314028012693,
          25.000000000000014,
          1.9282809919105555
        ]
      ]
    },
    {
      "id": 16,
      "part_id": 1,
      "type": "Cylindrical Surface",
      "position": [
        -20.771369693036654,
        22.499999999999986,
        8.89547255226234
      ],
      "normal": [
        1.0127373450103449e-16,
        -1.0,
        -1.5728363306331515e-16
      ],
      "dimensions": {
        "radius": 10.0
      },
      "bounding_box": [
        [
          -21.779159232769025,
          19.999999999999982,
          1.9282809919105262
        ],
        [
          -18.4929416819473,
          24.999999999999986,
          16.05321215266556
        ]
      ]
    },
    {
      "id": 17,
      "part_id": 1,
      "type": "Flat Face",
      "position": [
        -18.52787177894185,
        22.499999999999986,
        16.784456122945798
      ],
      "normal": [
        -0.741114871157673,
        -1.8065228021673906e-16,
        0.67137824491783
      ],
      "dimensions": {
        "area": 9.866810109180328,
        "width": 1.3248723308078034,
        "height": 5.0
      },
      "bounding_box": [
        [
          -19.190307944345754,
          19.999999999999986,
          16.05321215266555
        ],
        [
          -17.86543561353795,
          24.999999999999986,
          17.515700093226037
        ]
      ]
    },
    {
      "id": 18,
      "part_id": 1,
      "type": "Cylindrical Surface",
      "position": [
        -14.822297423153465,
        22.499999999999986,
        13.427564898356657
      ],
      "normal": [
        1.0127373450103449e-16,
        -1.0,
        -1.5728363306331515e-16
      ],
      "dimensions": {
        "radius": 3.0
      },
      "bounding_box": [
        [
          -17.822297523153487,
          19.999999899999985,
          10.42756479835665
        ],
        [
          -11.822297323153487,
          25.000000099999987,
          16.42756499835665
        ]
      ]
    },
    {
      "id": 19,
      "part_id": 1,
      "type": "Cylindrical Surface",
      "position": [
        96.34493325049746,
        22.500000000000014,
        -87.27917183931787
      ],
      "normal": [
        1.0127373450103449e-16,
        -1.0,
        -1.5728363306331515e-16
      ],
      "dimensions": {
        "radius": 3.0
      },
      "bounding_box": [
        [
          93.34493315049747,
          19.999999900000013,
          -90.27917193931786
        ],
        [
          99.34493335049746,
          25.000000100000015,
          -84.27917173931787
        ]
      ]
    },
    {
      "id": 20,
      "part_id": 1,
      "type": "Cylindrical Surface",
      "position": [
        -2.1316282072803006e-14,
        22.49999999999999,
        4.973799150320701e-14
      ],
      "normal": [
        1.0127373450103449e-16,
        -1.0,
        -1.5728363306331515e-16
      ],
      "dimensions": {
        "radius": 3.0
      },
      "bounding_box": [
        [
          -3.000000100000021,
          19.999999899999988,
          -3.0000000999999505
        ],
        [
          3.0000000999999785,
          25.00000009999999,
          3.0000001000000496
        ]
      ]
    },
    {
      "id": 21,
      "part_id": 1,
      "type": "Cylindrical Surface",
      "position": [
        -10.89824405318614,
        22.499999999999986,
        19.794128104315362
      ],
      "normal": [
        1.0127373450103449e-16,
        -1.0,
        -1.5728363306331515e-16
      ],
      "dimensions": {
        "radius": 10.0
      },
      "bounding_box": [
        [
          -17.865435613537954,
          19.999999999999982,
          17.515700093226037
        ],
        [
          -3.7405044527829245,
          24.999999999999986,
          20.80191764404774
        ]
      ]
    },
    {
      "id": 22,
      "part_id": 1,
      "type": "Flat Face",
      "position": [
        41.10585410260975,
        25.0,
        -37.23791986544431
      ],
      "normal": [
        -1.0127373450103449e-16,
        1.0,
        1.5728363306331515e-16
      ],
      "dimensions": {
        "area": 3345.0741872058265,
        "width": 125.08095429288201,
        "height": 3.552713678800501e-14
      },
      "bounding_box": [
        [
          -21.779159232769025,
          24.999999999999982,
          -94.65352458500897
        ],
        [
          103.301795060113,
          25.000000000000018,
          20.80191764404774
        ]
      ]
    },
    {
      "id": 23,
      "part_id": 1,
      "type": "Flat Face",
      "position": [
        40.73135628101563,
        20.0,
        -34.61405316027692
      ],
      "normal": [
        1.0127373450103449e-16,
        -1.0,
        -1.5728363306331515e-16
      ],
      "dimensions": {
        "area": 2755.739271729802,
        "width": 125.08095429288201,
        "height": 3.552713678800501e-14
      },
      "bounding_box": [
        [
          -21.779159232769025,
          19.999999999999982,
          -94.65352458500897
        ],
        [
          103.301795060113,
          20.000000000000018,
          20.80191764404774
        ]
      ]
    },
    {
      "id": 24,
      "part_id": 1,
      "type": "Flat Face",
      "position": [
        78.4305255825947,
        12.50000000000001,
        -81.73331732657309
      ],
      "normal": [
        0.741114871157673,
        1.8065228021673906e-16,
        -0.67137824491783
      ],
      "dimensions": {
        "area": 92.08358054312883,
        "width": 4.121527512719695,
        "height": 15.0
      },
      "bounding_box": [
        [
          76.36976182623485,
          5.000000000000011,
          -84.00813435757169
        ],
        [
          80.49128933895454,
          20.00000000000001,
          -79.45850029557448
        ]
      ]
    },
    {
      "id": 25,
      "part_id": 1,
      "type": "Flat Face",
      "position": [
        7.283497951458088,
        12.499999999999993,
        -17.281005814461402
      ],
      "normal": [
        -0.741114871157673,
        -1.8065228021673906e-16,
        0.67137824491783
      ],
      "dimensions": {
        "area": 92.08358054312883,
        "width": 4.121527512719702,
        "height": 15.0
      },
      "bounding_box": [
        [
          5.222734195098239,
          4.999999999999993,
          -19.555822845460007
        ],
        [
          9.34426170781794,
          19.999999999999993,
          -15.006188783462797
        ]
      ]
    },
    {
      "id": 26,
      "part_id": 1,
      "type": "Flat Face",
      "position": [
        44.91777552338624,
        12.5,
        -47.23234453951864
      ],
      "normal": [
        0.67137824491783,
        -4.85722573273507e-17,
        0.741114871157673
      ],
      "dimensions": {
        "area": 1440.0,
        "width": 71.14702763113661,
        "height": 15.000000000000018
      },
      "bounding_box": [
        [
          9.344261707817935,
          4.999999999999993,
          -79.45850029557448
        ],
        [
          80.49128933895454,
          20.00000000000001,
          -15.00618878346279
        ]
      ]
    },
    {
      "id": 27,
      "part_id": 1,
      "type": "Flat Face",
      "position": [
        40.73135628101563,
        5.0,
        -34.61405316027692
      ],
      "normal": [
        -1.0127373450103449e-16,
        1.0,
        1.5728363306331515e-16
      ],
      "dimensions": {
        "area": 2755.7392717298026,
        "width": 125.08095429288201,
        "height": 2.842170943040401e-14
      },
      "bounding_box": [
        [
          -21.779159232769025,
          4.999999999999986,
          -94.65352458500897
        ],
        [
          103.301795060113,
          5.000000000000014,
          20.80191764404774
        ]
      ]
    },
    {
      "id": 28,
      "part_id": 1,
      "type": "Flat Face",
      "position": [
        48.137536528254174,
        2.4999999999999996,
        -28.783410788623655
      ],
      "normal": [
        0.6713782449178303,
        -4.857225732735065e-17,
        0.7411148711576728
      ],
      "dimensions": {
        "area": 700.0,
        "width": 103.75608196207423,
        "height": 5.000000000000025
      },
      "bounding_box": [
        [
          -3.7405044527829436,
          -1.3533838034871862e-14,
          -75.77988793287179
        ],
        [
          100.01557750929129,
          5.0000000000000115,
          18.213066355624456
        ]
      ]
    },
    {
      "id": 29,
      "part_id": 1,
      "type": "Cylindrical Surface",
      "position": [
        -10.898244053186147,
        2.499999999999986,
        19.794128104315362
      ],
      "normal": [
        -1.0127373450103449e-16,
        1.0,
        1.5728363306331515e-16
      ],
      "dimensions": {
        "radius": 10.0
      },
      "bounding_box": [
        [
          -17.865435613537954,
          -1.4305179851162118e-14,
          17.515700093226037
        ],
        [
          -3.7405044527829245,
          4.999999999999987,
          20.80191764404774
        ]
      ]
    },
    {
      "id": 30,
      "part_id": 1,
      "type": "Flat Face",
      "position": [
        -18.52787177894185,
        2.499999999999986,
        16.784456122945798
      ],
      "normal": [
        -0.741114871157673,
        -1.8065228021673906e-16,
        0.67137824491783
      ],
      "dimensions": {
        "area": 9.866810109180328,
        "width": 1.3248723308078034,
        "height": 5.0
      },
      "bounding_box": [
        [
          -19.190307944345754,
          -1.4258780039164324e-14,
          16.05321215266555
        ],
        [
          -17.86543561353795,
          4.999999999999986,
          17.515700093226037
        ]
      ]
    },
    {
      "id": 31,
      "part_id": 1,
      "type": "Cylindrical Surface",
      "position": [
        -20.771369693036654,
        2.4999999999999862,
        8.89547255226234
      ],
      "normal": [
        -1.0127373450103449e-16,
        1.0,
        1.5728363306331515e-16
      ],
      "dimensions": {
        "radius": 10.0
      },
      "bounding_box": [
        [
          -21.779159232769025,
          -1.4241020677969144e-14,
          1.9282809919105262
        ],
        [
          -18.4929416819473,
          4.9999999999999885,
          16.05321215266556
        ]
      ]
    },
    {
      "id": 32,
      "part_id": 1,
      "type": "Cylindrical Surface",
      "position": [
        92.42087988053012,
        2.500000000000014,
        -93.64573504527658
      ],
      "normal": [
        -1.0127373450103449e-16,
        1.0,
        1.5728363306331515e-16
      ],
      "dimensions": {
        "radius": 10.0
      },
      "bounding_box": [
        [
          85.26314028012689,
          1.2920220449075261e-14,
          -94.65352458500897
        ],
        [
          99.38807144088193,
          5.000000000000014,
          -91.36730703418726
        ]
      ]
    },
    {
      "id": 33,
      "part_id": 1,
      "type": "Flat Face",
      "position": [
        100.0505076062858,
        2.500000000000014,
        -90.63606306390703
      ],
      "normal": [
        0.741114871157673,
        1.8065228021673906e-16,
        -0.67137824491783
      ],
      "dimensions": {
        "area": 9.86681010918025,
        "width": 1.3248723308077786,
        "height": 5.0
      },
      "bounding_box": [
        [
          99.38807144088193,
          1.4162929391239683e-14,
          -91.36730703418726
        ],
        [
          100.71294377168971,
          5.000000000000014,
          -89.90481909362678
        ]
      ]
    },
    {
      "id": 34,
      "part_id": 1,
      "type": "Cylindrical Surface",
      "position": [
        -14.82229742315348,
        2.4999999999999862,
        13.427564898356657
      ],
      "normal": [
        -1.0127373450103449e-16,
        1.0,
        1.5728363306331515e-16
      ],
      "dimensions": {
        "radius": 3.0
      },
      "bounding_box": [
        [
          -17.822297523153487,
          -1.0000001388388088e-07,
          10.42756479835665
        ],
        [
          -11.822297323153487,
          5.000000099999988,
          16.42756499835665
        ]
      ]
    },
    {
      "id": 35,
      "part_id": 1,
      "type": "Cylindrical Surface",
      "position": [
        96.34493325049746,
        2.5000000000000133,
        -87.27917183931787
      ],
      "normal": [
        -1.0127373450103449e-16,
        1.0,
        1.5728363306331515e-16
      ],
      "dimensions": {
        "radius": 3.0
      },
      "bounding_box": [
        [
          93.34493315049747,
          -9.999998723852829e-08,
          -90.27917193931786
        ],
        [
          99.34493335049746,
          5.0000001000000145,
          -84.27917173931787
        ]
      ]
    },
    {
      "id": 36,
      "part_id": 1,
      "type": "Cylindrical Surface",
      "position": [
        -2.1316282072803006e-14,
        2.49999999999999,
        4.973799150320701e-14
      ],
      "normal": [
        -1.0127373450103449e-16,
        1.0,
        1.5728363306331515e-16
      ],
      "dimensions": {
        "radius": 3.0
      },
      "bounding_box": [
        [
          -3.000000100000021,
          -1.000000103311672e-07,
          -3.0000000999999505
        ],
        [
          3.0000000999999785,
          5.000000099999991,
          3.0000001000000496
        ]
      ]
    },
    {
      "id": 37,
      "part_id": 1,
      "type": "Cylindrical Surface",
      "position": [
        102.29400552038061,
        2.5000000000000138,
        -82.74707949322357
      ],
      "normal": [
        -1.0127373450103449e-16,
        1.0,
        1.5728363306331515e-16
      ],
      "dimensions": {
        "radius": 10.0
      },
      "bounding_box": [
        [
          100.01557750929129,
          1.1546319456101628e-14,
          -89.9048190936268
        ],
        [
          103.301795060113,
          5.000000000000014,
          -75.77988793287176
        ]
      ]
    },
    {
      "id": 38,
      "part_id": 1,
      "type": "Flat Face",
      "position": [
        41.10585410260975,
        0.0,
        -37.23791986544431
      ],
      "normal": [
        1.0127373450103449e-16,
        -1.0,
        -1.5728363306331515e-16
      ],
      "dimensions": {
        "area": 3345.0741872058265,
        "width": 125.08095429288201,
        "height": 2.8610359702324236e-14
      },
      "bounding_box": [
        [
          -21.779159232769025,
          -1.4305179851162118e-14,
          -94.65352458500897
        ],
        [
          103.301795060113,
          1.4305179851162118e-14,
          20.80191764404774
        ]
      ]
    },
    {
      "id": 39,
      "part_id": 2,
      "type": "Flat Face",
      "position": [
        62.909894826633014,
        2.5000000000000044,
        1.349607321677298
      ],
      "normal": [
        0.6712000000840751,
        -4.8615729779442016e-17,
        0.7412763046847901
      ],
      "dimensions": {
        "area": 751.4601552791482,
        "width": 111.40792140463714,
        "height": 5.000000000000026
      },
      "bounding_box": [
        [
          7.205934124314448,
          -8.32176395619661e-15,
          -49.08839830697705
        ],
        [
          118.61385552895159,
          5.000000000000018,
          51.787612950331656
        ]
      ]
    },
    {
      "id": 40,
      "part_id": 2,
      "type": "Cylindrical Surface",
      "position": [
        5.092037320604677,
        11.071428571428577,
        49.64148146401632
      ],
      "normal": [
        -1.0127355210303503e-16,
        1.0,
        1.5728350848755515e-16
      ],
      "dimensions": {
        "radius": 3.0
      },
      "bounding_box": [
        [
          2.302958346330513,
          -1.000000087109173e-07,
          46.46841394359643
        ],
        [
          8.302958546330515,
          20.00000009999999,
          52.46841414359644
        ]
      ]
    },
    {
      "id": 41,
      "part_id": 2,
      "type": "Flat Face",
      "position": [
        58.88746776874654,
        2.500000000000005,
        -3.092779247095585
      ],
      "normal": [
        -0.6712000000840751,
        4.8615729779442016e-17,
        -0.7412763046847901
      ],
      "dimensions": {
        "area": 748.5398447208518,
        "width": 110.97497000079996,
        "height": 5.000000000000026
      },
      "bounding_box": [
        [
          3.399982768346567,
          -7.977662687283227e-15,
          -53.33477363105259
        ],
        [
          114.37495276914652,
          5.000000000000018,
          47.14921513686135
        ]
      ]
    },
    {
      "id": 42,
      "part_id": 2,
      "type": "Cylindrical Surface",
      "position": [
        116.68749889849191,
        11.071428571428587,
        -51.404340919731645
      ],
      "normal": [
        -1.0127355210303503e-16,
        1.0,
        1.5728350848755515e-16
      ],
      "dimensions": {
        "radius": 3.0
      },
      "bounding_box": [
        [
          113.49440404904902,
          -9.999998117295504e-08,
          -54.211586069014835
        ],
        [
          119.49440424904901,
          20.00000010000002,
          -48.21158586901483
        ]
      ]
    },
    {
      "id": 43,
      "part_id": 2,
      "type": "Flat Face",
      "position": [
        60.89867829292283,
        5.3983150490468855e-15,
        -0.8715892811873749
      ],
      "normal": [
        1.0127355210303503e-16,
        -1.0,
        -1.5728350848755515e-16
      ],
      "dimensions": {
        "area": 927.2076750732409,
        "width": 117.1914457027185,
        "height": 2.8218464270593926e-14
      },
      "bounding_box": [
        [
          2.302958446330515,
          -8.710917303888545e-15,
          -54.211585969014834
        ],
        [
          119.49440414904902,
          1.950754696670538e-14,
          52.46841404359643
        ]
      ]
    },
    {
      "id": 44,
      "part_id": 2,
      "type": "Flat Face",
      "position": [
        60.898681297689784,
        5.000000000000004,
        -0.8715859627091964
      ],
      "normal": [
        -1.0127355210303503e-16,
        1.0,
        1.5728350848755515e-16
      ],
      "dimensions": {
        "area": 870.6603919061131,
        "width": 114.9973970586862,
        "height": 2.6645352591003757e-14
      },
      "bounding_box": [
        [
          3.3999827683465313,
          4.999999999999991,
          -53.334773631052556
        ],
        [
          118.39737982703274,
          5.000000000000018,
          51.59160170563441
        ]
      ]
    },
    {
      "id": 45,
      "part_id": 2,
      "type": "Flat Face",
      "position": [
        5.302958446330513,
        19.99999999999999,
        49.46841404359644
      ],
      "normal": [
        -1.0127355210303503e-16,
        1.0,
        1.5728350848755515e-16
      ],
      "dimensions": {
        "area": 28.27433388230816,
        "width": 6.000000000000002,
        "height": 0.0
      },
      "bounding_box": [
        [
          2.302958446330513,
          19.99999999999999,
          46.46841404359644
        ],
        [
          8.302958446330514,
          19.99999999999999,
          52.46841404359644
        ]
      ]
    },
    {
      "id": 46,
      "part_id": 2,
      "type": "Flat Face",
      "position": [
        116.49440414904903,
        20.000000000000018,
        -51.211585969014834
      ],
      "normal": [
        -1.0127355210303503e-16,
        1.0,
        1.5728350848755515e-16
      ],
      "dimensions": {
        "area": 28.27433388230816,
        "width": 6.0,
        "height": 0.0
      },
      "bounding_box": [
        [
          113.49440414904902,
          20.000000000000018,
          -54.211585969014834
        ],
        [
          119.49440414904902,
          20.000000000000018,
          -48.211585969014834
        ]
      ]
    },
    {
      "id": 47,
      "part_id": 3,
      "type": "Flat Face",
      "position": [
        -13.489264381218142,
        12.499999999999982,
        29.863351650568887
      ],
      "normal": [
        -0.8731004342844891,
        -1.6510409606446703e-16,
        0.48754038976502906
      ],
      "dimensions": {
        "area": 599.9999999999999,
        "width": 19.50161559060117,
        "height": 15.000000000000005
      },
      "bounding_box": [
        [
          -23.24007217651873,
          4.9999999999999805,
          12.401342964879106
        ],
        [
          -3.738456585917561,
          19.999999999999986,
          47.32536033625868
        ]
      ]
    },
    {
      "id": 48,
      "part_id": 3,
      "type": "Flat Face",
      "position": [
        -1.5291187721385384,
        12.499999999999986,
        23.18479117467615
      ],
      "normal": [
        0.8731004342844892,
        1.65104096064467e-16,
        -0.48754038976502884
      ],
      "dimensions": {
        "area": 599.9999999999999,
        "width": 19.50161559060118,
        "height": 15.000000000000004
      },
      "bounding_box": [
        [
          -11.279926567439123,
          4.999999999999982,
          5.72278248898638
        ],
        [
          8.221689023162057,
          19.999999999999986,
          40.64679986036596
        ]
      ]
    },
    {
      "id": 49,
      "part_id": 3,
      "type": "Flat Face",
      "position": [
        -5.751322507532116,
        4.999999999999982,
        29.672110590313082
      ],
      "normal": [
        1.0127360699025835e-16,
        -1.0,
        -1.572835142062237e-16
      ],
      "dimensions": {
        "area": 704.3912463064128,
        "width": 36.48514359018968,
        "height": 7.105427357601002e-15
      },
      "bounding_box": [
        [
          -23.874570005096274,
          4.99999999999998,
          3.1604844378115615
        ],
        [
          12.610573585093405,
          4.999999999999987,
          58.78897797675726
        ]
      ]
    },
    {
      "id": 50,
      "part_id": 3,
      "type": "Flat Face",
      "position": [
        -5.751322507532116,
        19.999999999999982,
        29.672110590313082
      ],
      "normal": [
        -1.0127360699025835e-16,
        1.0,
        1.572835142062237e-16
      ],
      "dimensions": {
        "area": 704.3912463064128,
        "width": 36.48514359018968,
        "height": 7.105427357601002e-15
      },
      "bounding_box": [
        [
          -23.874570005096274,
          19.999999999999982,
          3.1604844378115615
        ],
        [
          12.610573585093405,
          19.99999999999999,
          58.78897797675726
        ]
      ]
    },
    {
      "id": 51,
      "part_id": 3,
      "type": "Flat Face",
      "position": [
        10.416131304127731,
        12.499999999999982,
        48.01149755438399
      ],
      "normal": [
        0.9583606673926981,
        1.4197060936502148e-16,
        -0.285560556090337
      ],
      "dimensions": {
        "area": 230.5404826573592,
        "width": 4.388884561931363,
        "height": 15.000000000000002
      },
      "bounding_box": [
        [
          8.221689023162043,
          4.9999999999999805,
          40.64679986036594
        ],
        [
          12.610573585093405,
          19.999999999999982,
          55.37619524840205
        ]
      ]
    },
    {
      "id": 52,
      "part_id": 3,
      "type": "Flat Face",
      "position": [
        9.554722065097693,
        12.499999999999982,
        57.08258661257966
      ],
      "normal": [
        0.48754038976502906,
        -8.79493307343036e-17,
        0.8731004342844891
      ],
      "dimensions": {
        "area": 104.99999999999997,
        "width": 6.111703039991427,
        "height": 15.000000000000004
      },
      "bounding_box": [
        [
          6.498870545101978,
          4.999999999999979,
          55.376195248402034
        ],
        [
          12.610573585093405,
          19.999999999999982,
          58.78897797675725
        ]
      ]
    },
    {
      "id": 53,
      "part_id": 3,
      "type": "Cylindrical Surface",
      "position": [
        -14.82229742315377,
        12.499999999999986,
        13.427564898355186
      ],
      "normal": [
        -1.0127360699025835e-16,
        1.0,
        1.572835142062237e-16
      ],
      "dimensions": {
        "radius": 3.0
      },
      "bounding_box": [
        [
          -17.82229752315377,
          4.999999899999985,
          10.427564798355187
        ],
        [
          -11.822297323153771,
          20.000000099999987,
          16.427564998355187
        ]
      ]
    },
    {
      "id": 54,
      "part_id": 3,
      "type": "Cylindrical Surface",
      "position": [
        5.30295844633023,
        12.499999999999982,
        49.46841404359523
      ],
      "normal": [
        -1.0127360699025835e-16,
        1.0,
        1.572835142062237e-16
      ],
      "dimensions": {
        "radius": 3.0
      },
      "bounding_box": [
        [
          2.302958346330237,
          4.999999899999981,
          46.46841394359523
        ],
        [
          8.302958546330236,
          20.000000099999983,
          52.46841414359523
        ]
      ]
    },
    {
      "id": 55,
      "part_id": 3,
      "type": "Flat Face",
      "position": [
        1.3802069795922094,
        12.49999999999998,
        53.05716915650797
      ],
      "normal": [
        -0.745874488616586,
        -1.80301827877308e-16,
        0.6660865163257297
      ],
      "dimensions": {
        "area": 230.54048265735918,
        "width": 10.237327131019542,
        "height": 15.000000000000004
      },
      "bounding_box": [
        [
          -3.7384565859175622,
          4.999999999999979,
          47.325360336258676
        ],
        [
          6.49887054510198,
          19.999999999999982,
          58.78897797675726
        ]
      ]
    },
    {
      "id": 56,
      "part_id": 3,
      "type": "Flat Face",
      "position": [
        -19.697701320804107,
        12.499999999999986,
        4.696560555510331
      ],
      "normal": [
        -0.48754038976502906,
        8.79493307343036e-17,
        -0.8731004342844891
      ],
      "dimensions": {
        "area": 55.47714454318646,
        "width": 3.2291412662346346,
        "height": 15.000000000000005
      },
      "bounding_box": [
        [
          -21.312271953921424,
          4.999999999999984,
          3.7949822663891126
        ],
        [
          -18.08313068768679,
          19.99999999999999,
          5.598138844631519
        ]
      ]
    },
    {
      "id": 57,
      "part_id": 3,
      "type": "Cylindrical Surface",
      "position": [
        -14.418152999981572,
        12.499999999999986,
        3.829430179409357
      ],
      "normal": [
        -1.0127360699025835e-16,
        1.0,
        1.572835142062237e-16
      ],
      "dimensions": {
        "radius": 5.0
      },
      "bounding_box": [
        [
          -18.08313068768679,
          4.999999999999986,
          3.1604844378115615
        ],
        [
          -11.279926567439103,
          19.999999999999986,
          5.722782488986416
        ]
      ]
    },
    {
      "id": 58,
      "part_id": 3,
      "type": "Cylindrical Surface",
      "position": [
        -23.205624263498482,
        12.499999999999986,
        8.736365277173903
      ],
      "normal": [
        1.0127360699025835e-16,
        -1.0,
        -1.572835142062237e-16
      ],
      "dimensions": {
        "radius": 5.0
      },
      "bounding_box": [
        [
          -23.874570005096274,
          4.999999999999984,
          5.598138844631517
        ],
        [
          -21.31227195392142,
          19.999999999999986,
          12.401342964879117
        ]
      ]
    }
  ],
  "contacts": [
    {
      "feature1_id": 6,
      "feature2_id": 19,
      "feature1_type": "Cylindrical Surface",
      "feature2_type": "Cylindrical Surface",
      "contact_type": "Interference/Transition Fit",
      "distance": 0.0,
      "contact_area": 3.7699106926266997e-06
    },
    {
      "feature1_id": 6,
      "feature2_id": 35,
      "feature1_type": "Cylindrical Surface",
      "feature2_type": "Cylindrical Surface",
      "contact_type": "Interference/Transition Fit",
      "distance": 0.0,
      "contact_area": 3.7699117473581336e-06
    },
    {
      "feature1_id": 9,
      "feature2_id": 27,
      "feature1_type": "Flat Face",
      "feature2_type": "Flat Face",
      "contact_type": "Mating Surfaces",
      "distance": 2.98522073514254e-14,
      "contact_area": 2755.7392717298026
    },
    {
      "feature1_id": 9,
      "feature2_id": 44,
      "feature1_type": "Flat Face",
      "feature2_type": "Flat Face",
      "contact_type": "Mating Surfaces",
      "distance": 3.7557815298114425e-14,
      "contact_area": 870.6603919061131
    },
    {
      "feature1_id": 10,
      "feature2_id": 23,
      "feature1_type": "Flat Face",
      "feature2_type": "Flat Face",
      "contact_type": "Mating Surfaces",
      "distance": 2.8075850512025147e-14,
      "contact_area": 2755.739271729802
    },
    {
      "feature1_id": 18,
      "feature2_id": 53,
      "feature1_type": "Cylindrical Surface",
      "feature2_type": "Cylindrical Surface",
      "contact_type": "Interference/Transition Fit",
      "distance": 0.0,
      "contact_area": 3.769911228363301e-06
    },
    {
      "feature1_id": 23,
      "feature2_id": 50,
      "feature1_type": "Flat Face",
      "feature2_type": "Flat Face",
      "contact_type": "Mating Surfaces",
      "distance": 2.9449325330782657e-15,
      "contact_area": 606.6841744866284
    },
    {
      "feature1_id": 27,
      "feature2_id": 49,
      "feature1_type": "Flat Face",
      "feature2_type": "Flat Face",
      "contact_type": "Mating Surfaces",
      "distance": 2.9449325330782657e-15,
      "contact_area": 606.6841744866284
    },
    {
      "feature1_id": 34,
      "feature2_id": 53,
      "feature1_type": "Cylindrical Surface",
      "feature2_type": "Cylindrical Surface",
      "contact_type": "Interference/Transition Fit",
      "distance": 0.0,
      "contact_area": 3.76991124510507e-06
    },
    {
      "feature1_id": 44,
      "feature2_id": 49,
      "feature1_type": "Flat Face",
      "feature2_type": "Flat Face",
      "contact_type": "Mating Surfaces",
      "distance": 1.0650558103428921e-14,
      "contact_area": 446.0792039518001
    }
  ],
  "tolerance_requirements": [
    {
      "contact": {
        "feature1_id": 6,
        "feature2_id": 19,
        "contact_type": "Interference/Transition Fit"
      },
      "tolerance_type": "Hole-Shaft Fit",
      "reason": "Interference fit requires precise tolerance for proper press fit assembly",
      "recommended_tolerance": "H7/p6 (Press fit)",
      "priority": "Critical"
    },
    {
      "contact": {
        "feature1_id": 6,
        "feature2_id": 35,
        "contact_type": "Interference/Transition Fit"
      },
      "tolerance_type": "Hole-Shaft Fit",
      "reason": "Interference fit requires precise tolerance for proper press fit assembly",
      "recommended_tolerance": "H7/p6 (Press fit)",
      "priority": "Critical"
    },
    {
      "contact": {
        "feature1_id": 9,
        "feature2_id": 27,
        "contact_type": "Mating Surfaces"
      },
      "tolerance_type": "Flatness/Surface Profile",
      "reason": "Mating surfaces require flatness and surface profile control",
      "recommended_tolerance": "Flatness tolerance \u00b10.05mm, Surface profile \u00b10.1mm",
      "priority": "Critical"
    },
    {
      "contact": {
        "feature1_id": 9,
        "feature2_id": 44,
        "contact_type": "Mating Surfaces"
      },
      "tolerance_type": "Flatness/Surface Profile",
      "reason": "Mating surfaces require flatness and surface profile control",
      "recommended_tolerance": "Flatness tolerance \u00b10.05mm, Surface profile \u00b10.1mm",
      "priority": "Critical"
    },
    {
      "contact": {
        "feature1_id": 10,
        "feature2_id": 23,
        "contact_type": "Mating Surfaces"
      },
      "tolerance_type": "Flatness/Surface Profile",
      "reason": "Mating surfaces require flatness and surface profile control",
      "recommended_tolerance": "Flatness tolerance \u00b10.05mm, Surface profile \u00b10.1mm",
      "priority": "Critical"
    },
    {
      "contact": {
        "feature1_id": 18,
        "feature2_id": 53,
        "contact_type": "Interference/Transition Fit"
      },
      "tolerance_type": "Hole-Shaft Fit",
      "reason": "Interference fit requires precise tolerance for proper press fit assembly",
      "recommended_tolerance": "H7/p6 (Press fit)",
      "priority": "Critical"
    },
    {
      "contact": {
        "feature1_id": 23,
        "feature2_id": 50,
        "contact_type": "Mating Surfaces"
      },
      "tolerance_type": "Flatness/Surface Profile",
      "reason": "Mating surfaces require flatness and surface profile control",
      "recommended_tolerance": "Flatness tolerance \u00b10.05mm, Surface profile \u00b10.1mm",
      "priority": "Critical"
    },
    {
      "contact": {
        "feature1_id": 27,
        "feature2_id": 49,
        "contact_type": "Mating Surfaces"
      },
      "tolerance_type": "Flatness/Surface Profile",
      "reason": "Mating surfaces require flatness and surface profile control",
      "recommended_tolerance": "Flatness tolerance \u00b10.05mm, Surface profile \u00b10.1mm",
      "priority": "Critical"
    },
    {
      "contact": {
        "feature1_id": 34,
        "feature2_id": 53,
        "contact_type": "Interference/Transition Fit"
      },
      "tolerance_type": "Hole-Shaft Fit",
      "reason": "Interference fit requires precise tolerance for proper press fit assembly",
      "recommended_tolerance": "H7/p6 (Press fit)",
      "priority": "Critical"
    },
    {
      "contact": {
        "feature1_id": 44,
        "feature2_id": 49,
        "contact_type": "Mating Surfaces"
      },
      "tolerance_type": "Flatness/Surface Profile",
      "reason": "Mating surfaces require flatness and surface profile control",
      "recommended_tolerance": "Flatness tolerance \u00b10.05mm, Surface profile \u00b10.1mm",
      "priority": "Critical"
    }
  ],
  "statistics": {
    "total_requirements": 10,
    "critical": 10,
    "important": 0,
    "standard": 0,
    "total_features": 59,
    "total_parts": 4,
    "total_contacts": 10,
    "contacts_by_type": {
      "Interference/Transition Fit": 4,
      "Mating Surfaces": 6
    }
  }
}